final_distance,final_height,final_speed,final_upright,reward,seed,stable_actions,steps,supported,survived
0.655089259147644,0.49958646297454834,2.5777227878570557,-0.06767553091049194,660.6728443130851,18446744073709551614,0,810,False,False
0.18318457901477814,0.9687832593917847,0.016277901828289032,0.7043715715408325,813.3614436984062,18446744073709551613,0,1000,True,True
0.806266188621521,0.4947597086429596,2.405648946762085,0.4083607494831085,463.1088177897036,18446744073709551612,0,584,False,False
0.7263210415840149,0.49713847041130066,2.759500503540039,-0.21857380867004395,715.6764173135161,18446744073709551611,0,881,True,False
0.7543208003044128,0.7023985385894775,1.6920262575149536,0.26081281900405884,540.8965995311737,18446744073709551610,0,693,True,False
0.678936779499054,0.4985876679420471,2.287740468978882,0.27178889513015747,448.180840741843,18446744073709551609,0,557,False,False
0.15132151544094086,0.9553427696228027,0.01936563290655613,0.7271596789360046,816.281914204359,18446744073709551608,0,1000,True,True
1.0945320129394531,0.515326738357544,2.8856279850006104,-0.5759490132331848,627.6740496912971,18446744073709551607,0,797,False,False
0.8626857399940491,0.5172023773193359,2.383314847946167,0.4785757064819336,428.164993558079,18446744073709551606,0,546,False,False
0.773790717124939,0.49601060152053833,2.398369312286377,0.5086745023727417,444.5670566111803,18446744073709551605,0,564,False,False
0.9521784782409668,0.572350025177002,2.453805923461914,0.2917817533016205,127.0384306833148,18446744073709551604,0,175,False,False
0.45313218235969543,0.9937483668327332,0.2289285659790039,0.5724219083786011,806.3838504254818,18446744073709551603,0,1000,True,True
0.5971210598945618,0.49612805247306824,2.54296612739563,0.1250527799129486,801.5404023490846,18446744073709551602,0,992,False,False
1.254499077796936,0.6158347129821777,2.868281126022339,-0.45485273003578186,87.1505482904613,18446744073709551601,0,152,False,False
1.195688009262085,0.5392035245895386,3.1921091079711914,-0.5261373519897461,74.74187982454896,18446744073709551600,0,134,True,False
0.6432344913482666,0.4933299720287323,2.3220298290252686,0.22491943836212158,794.8246532715857,18446744073709551599,0,984,False,False
0.8042986989021301,0.5539255738258362,2.508640766143799,0.32598331570625305,310.81386399269104,18446744073709551598,0,399,False,False
0.8494579792022705,0.4989629089832306,2.6211609840393066,-0.1886385679244995,346.5333668962121,18446744073709551597,0,455,False,False
0.8263280987739563,0.500174343585968,2.3497960567474365,0.4284013509750366,436.11516919732094,18446744073709551596,0,557,True,False
0.8550872206687927,0.49221935868263245,2.5601706504821777,0.38161030411720276,266.88330306485295,18446744073709551595,0,354,False,False
0.7240893840789795,0.49349915981292725,2.6172096729278564,-0.07244604825973511,790.6511834524572,18446744073709551594,0,993,False,False
1.32033109664917,0.7053456902503967,2.4971206188201904,-0.20352518558502197,688.1991596072912,18446744073709551593,0,891,False,False
0.8906288743019104,0.496089369058609,2.3246071338653564,0.3581950068473816,327.67399413883686,18446744073709551592,0,422,False,False
0.9342486262321472,0.49066248536109924,2.9709954261779785,-0.3512822389602661,650.0366750061512,18446744073709551591,0,819,False,False
0.5937924385070801,0.49422791600227356,2.98952317237854,0.4139689803123474,542.8063321262598,18446744073709551590,0,706,False,False
0.7913589477539062,0.48989272117614746,2.752232313156128,0.2641279101371765,354.5133524760604,18446744073709551589,0,454,False,False
0.9153205752372742,0.4938757121562958,2.3737645149230957,0.4900202751159668,549.9508062414825,18446744073709551588,0,709,False,False
0.7353612184524536,0.49672824144363403,2.2306811809539795,0.0917290598154068,546.2206597328186,18446744073709551587,0,684,False,False
0.8421997427940369,0.7402117252349854,1.5262023210525513,-0.014163792133331299,289.0591614693403,18446744073709551586,0,392,True,False
0.24462099373340607,0.9372149109840393,0.017581436783075333,0.6897433400154114,789.5528345108032,18446744073709551585,0,1000,True,True
0.060166701674461365,0.9673442244529724,0.14114101231098175,0.6874845027923584,814.5864191949368,18446744073709551584,0,1000,True,True
0.92787766456604,0.6210305690765381,2.0998170375823975,0.4692552089691162,463.0737558975816,18446744073709551583,0,593,True,False
