run,update,passed,minimum_steps,mean_return,survivors,maximum_distance_m,maximum_speed_m_per_s,maximum_heading_error_rad,minimum_settled_actions
standing-seed17,20,False,83,66.20976688675583,0,0.9371537566184998,3.161234140396118,,0
standing-seed17,40,False,84,70.8660189807415,0,0.8385929465293884,2.913987636566162,,0
standing-seed17,60,False,93,68.2862519543618,0,0.9828935265541077,3.1364192962646484,,0
standing-seed17,80,False,91,72.76588465943932,0,0.98101407289505,3.3885459899902344,,0
standing-seed17,100,False,87,73.17775511592626,0,0.9155040979385376,3.2381985187530518,,0
standing-seed17,120,False,83,66.96606108173728,0,0.8290002346038818,2.8065648078918457,,0
standing-seed17,140,False,95,68.89181355535985,0,1.1383168697357178,3.00040864944458,,0
standing-seed17,160,False,87,73.4458920346573,0,1.148017168045044,3.451953649520874,,0
standing-seed17,180,False,90,67.09235764816404,0,1.00578773021698,3.1266531944274902,,0
standing-seed17,200,False,83,69.65710267201067,0,0.9005458950996399,3.2076199054718018,,0
standing-seed17,220,False,89,76.2283751502633,0,0.9862428903579712,3.159489154815674,,0
standing-seed17,240,False,91,75.60854904092848,0,0.9825038313865662,3.2156009674072266,,0
standing-seed17,260,False,89,71.91519285328687,0,0.7675302028656006,3.041306734085083,,0
standing-seed17,280,False,90,68.82805294748395,0,0.9266282320022583,3.0970945358276367,,0
standing-seed17,300,False,94,78.15180344805121,0,0.9420459866523743,3.2136712074279785,,0
standing-seed17,320,False,86,73.32045707851648,0,0.774264395236969,2.9744300842285156,,0
standing-seed17,340,False,91,69.39422760326416,0,1.002145767211914,3.141094446182251,,0
standing-seed17,360,False,88,69.50808424744756,0,0.9535500407218933,3.143099784851074,,0
standing-seed17,380,False,92,71.45144164524973,0,0.9190541505813599,3.3047268390655518,,0
standing-seed17,400,False,95,79.36697269417346,0,0.8648819923400879,3.0900325775146484,,0
standing-seed17,420,False,91,73.5416237771511,0,0.9320563673973083,3.140648603439331,,0
standing-seed17,440,False,89,69.50464926324784,0,0.916824460029602,3.157109022140503,,0
standing-seed17,460,False,89,73.54491693731397,0,0.9299649000167847,3.2947685718536377,,0
standing-seed17,480,False,95,75.768883821927,0,0.9898831248283386,3.233346939086914,,0
standing-seed17,500,False,83,67.53765735495836,0,1.034718632698059,3.1992554664611816,,0
standing-seed17,520,False,89,69.80106319487095,0,0.9412370324134827,3.066296100616455,,0
standing-seed17,540,False,94,75.45852834694088,0,1.0011255741119385,3.2084054946899414,,0
standing-seed17,560,False,95,74.52178072109818,0,0.8670186996459961,2.9640536308288574,,0
standing-seed17,580,False,84,73.08048498369753,0,0.8495188355445862,3.080730438232422,,0
standing-seed17,600,False,86,70.47599480375648,0,1.041312575340271,3.181246042251587,,0
standing-seed17,620,False,89,70.28868502378464,0,1.0227293968200684,3.2669148445129395,,0
standing-seed17,640,False,88,74.21346956044435,0,1.1039035320281982,3.1956655979156494,,0
standing-seed17,660,False,87,66.84453214798123,0,0.908626139163971,3.106806993484497,,0
standing-seed17,680,False,82,63.89191071800887,0,1.0455348491668701,3.1767265796661377,,0
standing-seed17,700,False,82,64.00530732646584,0,0.743911623954773,2.7214572429656982,,0
standing-seed17,720,False,84,72.50167664214969,0,0.8380776047706604,2.9454843997955322,,0
standing-seed17,740,False,82,76.86688143331557,0,1.141256332397461,3.477635622024536,,0
standing-seed17,760,False,91,70.4872461963445,0,0.8250030875205994,2.8201942443847656,,0
standing-seed17,780,False,87,74.09712924771011,0,1.1208726167678833,3.2221875190734863,,0
standing-seed17,800,False,89,76.5588366245851,0,1.1701000928878784,3.2174055576324463,,0
standing-seed17,820,False,88,73.04168536029756,0,1.0117589235305786,3.126359462738037,,0
standing-seed17,840,False,88,66.39188065230846,0,0.9180924892425537,3.026315927505493,,0
standing-seed17,860,False,94,75.18010015822946,0,1.0089665651321411,3.072960138320923,,0
standing-seed17,880,False,86,67.97579546421767,0,0.9917454123497009,3.2292160987854004,,0
standing-seed17,900,False,95,73.99328678995371,0,1.1453033685684204,3.2743072509765625,,0
standing-seed17,920,False,80,68.37585512399673,0,0.824333906173706,2.7767865657806396,,0
standing-seed17,940,False,89,70.19552334733308,0,1.0666511058807373,3.236637830734253,,0
standing-seed17,960,False,92,77.19210541304201,0,1.0084930658340454,3.248286247253418,,0
standing-seed17,980,False,82,64.82583594508469,0,0.9542828798294067,3.115065574645996,,0
standing-seed17,1000,False,88,69.00219117607921,0,1.014817237854004,3.357264280319214,,0
standing-seed17,1020,False,90,66.34210339561105,0,1.0322394371032715,3.1841368675231934,,0
standing-seed17,1040,False,94,71.32841606028379,0,1.1778860092163086,3.1762948036193848,,0
standing-seed17,1060,False,94,70.9681931482628,0,1.19943368434906,3.282805919647217,,0
standing-seed17,1080,False,80,63.67241651453078,0,0.6793521642684937,2.9846978187561035,,0
standing-seed17,1100,False,88,66.65105061605573,0,1.0851284265518188,2.802642822265625,,0
standing-seed17,1120,False,80,70.93983849994838,0,1.0027492046356201,2.8790693283081055,,0
standing-seed17,1140,False,83,71.50140387006104,0,1.1299047470092773,3.1207897663116455,,0
standing-seed17,1160,False,95,74.68579860012979,0,0.8705578446388245,3.0145180225372314,,0
standing-seed17,1180,False,81,70.1977221313864,0,1.0453071594238281,2.974773406982422,,0
standing-seed17,1200,False,83,65.62629382219166,0,0.9699300527572632,3.238102436065674,,0
standing-seed17,1220,False,86,70.70722667053342,0,0.7412551045417786,2.697309732437134,,0
standing-seed17,1240,False,85,77.72613189779221,0,0.8553791046142578,3.199147939682007,,0
standing-seed17,1260,False,97,74.73177226781846,0,0.9652379751205444,3.1159961223602295,,0
standing-seed17,1280,False,83,68.14349690973759,0,1.0349698066711426,3.2712950706481934,,0
standing-seed17,1300,False,94,84.09653401486575,0,0.9150000214576721,3.1330084800720215,,0
standing-seed17,1320,False,94,77.86206824127585,0,1.0165512561798096,3.3172779083251953,,0
standing-seed17,1340,False,92,75.29698953535407,0,1.0372605323791504,3.364973783493042,,0
standing-seed17,1360,False,90,78.20424131974578,0,1.0307527780532837,3.262563705444336,,0
standing-seed17,1380,False,84,81.44354800321162,0,0.9266444444656372,3.176086187362671,,0
standing-seed17,1400,False,88,72.81563935950399,0,0.9038950204849243,3.272179126739502,,0
standing-seed17,1420,False,89,68.62763187065721,0,0.9597266316413879,3.0848920345306396,,0
standing-seed17,1440,False,84,68.80387850422412,0,1.056823492050171,3.2503843307495117,,0
standing-seed17,1460,False,86,65.48550293017179,0,0.883502721786499,3.09651517868042,,0
standing-seed17,1480,False,93,74.09827743079514,0,1.0798636674880981,3.2262871265411377,,0
standing-seed17,1500,False,103,81.31846471317112,0,1.000256061553955,3.252627372741699,,0
standing-seed17,1520,False,93,80.56686870530248,0,0.831753134727478,2.847472667694092,,0
standing-seed17,1540,False,90,68.13020206354558,0,0.9571160674095154,3.1710989475250244,,0
standing-seed17,1560,False,86,68.47984611354768,0,0.9347615242004395,3.138371706008911,,0
standing-seed17,1580,False,90,71.19740772079676,0,1.0307658910751343,3.2024476528167725,,0
standing-seed17,1600,False,89,72.28519120030106,0,0.9764946699142456,3.265493392944336,,0
standing-seed17,1620,False,95,76.3361270705238,0,1.044861912727356,3.2975261211395264,,0
standing-seed17,1640,False,90,76.32099303342402,0,1.0145599842071533,3.1770029067993164,,0
standing-seed17,1660,False,94,74.14265856295825,0,1.0117089748382568,3.1602001190185547,,0
standing-seed17,1680,False,91,78.35916559398174,0,0.6979096531867981,2.61187481880188,,0
standing-seed17,1700,False,91,68.97458849288523,0,0.9055531620979309,3.0384414196014404,,0
standing-seed17,1720,False,84,76.85618009977043,0,0.9054543375968933,3.0051615238189697,,0
standing-seed17,1740,False,95,73.54672586005181,0,0.9571719169616699,3.09682035446167,,0
standing-seed17,1760,False,85,67.70266336351634,0,0.7469088435173035,3.024152994155884,,0
standing-seed17,1780,False,86,73.71924859955907,0,0.9826196432113647,3.166602849960327,,0
standing-seed17,1800,False,88,76.05846457742155,0,1.0116448402404785,3.132049322128296,,0
standing-seed17,1820,False,81,70.77045307829977,0,1.0214427709579468,3.1984341144561768,,0
standing-seed17,1840,False,96,78.63456395305693,0,0.962479293346405,2.8729336261749268,,0
standing-seed17,1860,False,104,77.22003972232342,0,1.018571376800537,3.104688882827759,,0
standing-seed17,1880,False,86,67.57501865625382,0,1.00375235080719,3.5098495483398438,,0
travel-seed19,20,False,618,227.29077576675408,0,1.8657138347625732,0.4917762279510498,2.110055685043335,0
travel-seed19,40,False,618,242.6951429119119,0,1.9048311710357666,1.0492812395095825,2.949154853820801,0
travel-seed19,60,False,658,246.5723836381636,0,1.9145179986953735,1.2969964742660522,1.0249441862106323,0
travel-seed19,80,False,295,102.86751423981696,0,2.066277027130127,2.5124590396881104,2.5138158798217773,0
travel-seed19,100,False,217,69.14374463905115,0,3.9847464561462402,3.5779099464416504,1.6774412393569946,0
travel-seed19,120,False,162,56.056563931988784,0,6.3515191078186035,4.375585556030273,2.9726293087005615,0
travel-seed19,140,False,163,56.486736886081054,0,6.383474826812744,4.503561019897461,2.875112533569336,0
travel-seed19,160,False,150,52.946613869559954,0,6.4694132804870605,4.623929500579834,2.8069238662719727,0
travel-seed19,180,False,185,57.6256544233358,0,6.247628688812256,5.970932483673096,3.1400578022003174,0
travel-seed19,200,False,238,75.6533192211613,0,3.2743031978607178,3.873450517654419,2.254696846008301,0
travel-seed19,220,False,266,95.62779230088127,0,4.247031211853027,3.425159215927124,2.674321174621582,0
travel-seed19,240,False,559,129.639217354986,0,3.8984453678131104,6.508900165557861,3.039703369140625,0
travel-seed19,260,False,332,67.44332490499164,0,11.051037788391113,10.348119735717773,3.10052752494812,0
travel-seed19,280,False,309,60.360126873585024,0,11.059629440307617,10.435080528259277,2.6546738147735596,0
travel-seed19,300,False,234,54.25569869761821,0,10.735472679138184,9.360878944396973,1.2416261434555054,0
travel-seed19,320,False,224,64.89638121602475,0,7.487403392791748,7.939823627471924,1.5397472381591797,0
travel-seed19,340,False,222,68.42412022731733,0,7.391543865203857,7.884139060974121,2.3956525325775146,0
travel-seed19,360,False,180,60.45496727949357,0,10.047492980957031,5.843595027923584,2.9861249923706055,0
travel-seed19,380,False,199,55.847145244642164,0,7.421575546264648,7.4129838943481445,2.594250440597534,0
travel-seed19,400,False,183,54.9141288368206,0,9.23507022857666,3.813805341720581,2.720595598220825,0
travel-seed19,420,False,187,55.55071532361908,0,9.615541458129883,5.692030429840088,2.2364132404327393,0
travel-seed19,440,False,175,58.94638520753942,0,10.195746421813965,8.056360244750977,2.3368892669677734,0
travel-seed19,460,False,203,66.86990205005277,0,7.807297706604004,8.715862274169922,2.4340462684631348,0
travel-seed19,480,False,290,76.45537976458436,0,10.693631172180176,7.865176677703857,2.6965503692626953,0
travel-seed19,500,False,587,115.55625704712074,0,10.042644500732422,12.534178733825684,3.0250749588012695,0
travel-seed19,520,False,1000,296.8712134161601,5,1.1751463413238525,1.8028744459152222,2.7494006156921387,0
travel-seed19,540,False,853,334.6751436181541,3,2.0593364238739014,2.2337613105773926,1.733093500137329,0
travel-seed19,560,False,1000,324.19069566219696,5,1.4820276498794556,1.523666262626648,2.9542505741119385,0
travel-seed19,580,False,849,192.03177635260164,4,6.281210422515869,4.379692554473877,2.7370734214782715,0
travel-seed19,600,False,480,129.2087149700761,0,11.2606201171875,7.11779260635376,2.5818448066711426,0
travel-seed19,620,False,526,173.63936559695284,1,5.834901809692383,4.867189884185791,3.129896640777588,0
travel-seed19,640,False,329,120.99074262464418,0,6.821986198425293,2.303622245788574,2.229271650314331,0
travel-seed19,660,False,371,147.64526443355572,0,7.073408603668213,4.303039073944092,3.039841413497925,0
travel-seed19,680,False,553,326.34178489839906,1,5.36536979675293,5.53537130355835,2.0676729679107666,0
travel-seed19,700,False,888,321.3687725386004,4,5.544418811798096,2.9127402305603027,3.1037254333496094,0
travel-seed19,720,False,1000,335.6135606360722,5,1.5598225593566895,0.503493070602417,3.097261667251587,0
travel-seed19,740,False,1000,466.18571120075285,5,0.7579372525215149,0.9586518406867981,2.7210745811462402,0
travel-seed19,760,False,1000,514.5873822944225,5,0.43612751364707947,0.4178815186023712,2.9463963508605957,0
travel-seed19,780,False,1000,404.65096835474185,5,0.6505602598190308,0.13482435047626495,2.4101736545562744,0
travel-seed19,800,False,1000,531.4183509218452,5,0.3602903187274933,0.4113117754459381,2.653104066848755,0
travel-seed19,820,False,1000,327.8570504015108,5,1.1530499458312988,0.8824326992034912,2.6474132537841797,0
travel-seed19,840,False,1000,378.43800107990546,5,0.766447126865387,0.20756955444812775,3.0857932567596436,0
travel-seed19,860,False,1000,390.43259964647007,5,0.48253971338272095,0.3062160611152649,2.5364460945129395,0
travel-seed19,880,False,1000,441.7223897283666,5,0.6905660033226013,0.2211887091398239,2.5178449153900146,0
travel-seed19,900,False,1000,483.87505909034917,5,0.6209959983825684,0.33602800965309143,1.7270554304122925,0
travel-seed19,920,False,1000,425.3278767118712,5,1.8288064002990723,1.247098684310913,2.109177827835083,0
travel-seed19,940,False,1000,356.57924115038065,5,1.9450143575668335,0.8978636264801025,2.965167284011841,0
travel-seed19,960,False,1000,347.0637993866867,5,0.9087406396865845,0.3107908368110657,2.7077531814575195,0
travel-seed19,980,False,1000,422.24276847428,5,0.6012753844261169,0.23234879970550537,2.933147430419922,0
travel-seed19,1000,False,1000,423.1060008668608,5,0.751352846622467,0.4592573046684265,2.3545126914978027,0
travel-seed19,1020,False,1000,470.3536528995229,5,0.5748017430305481,0.31536605954170227,3.0416245460510254,0
travel-seed19,1040,False,1000,456.645537376873,5,0.45733359456062317,0.1709045022726059,2.897145986557007,0
travel-seed19,1060,False,1000,566.6004347444292,5,0.4139961004257202,0.23808495700359344,2.709489107131958,0
travel-seed19,1080,False,1000,565.3955153210316,5,0.35934728384017944,0.07697565108537674,2.8120384216308594,0
travel-seed19,1100,False,1000,438.1159000104614,5,0.8127397298812866,0.4948500990867615,1.5066123008728027,0
travel-seed19,1120,False,1000,430.9490353352447,5,1.3660354614257812,1.8998836278915405,1.933960199356079,0
travel-seed19,1140,False,1000,552.1691936262287,5,0.2866247892379761,0.1592092365026474,2.336716413497925,0
travel-seed19,1160,False,1000,549.3642057939776,5,0.35046225786209106,0.2015640288591385,2.393664836883545,0
travel-seed19,1180,False,1000,443.83963866752066,5,0.6665375232696533,0.17433667182922363,2.9154281616210938,0
travel-seed19,1200,False,1000,430.1586660624738,5,0.6232266426086426,0.139917254447937,2.8343913555145264,0
travel-seed19,1220,False,1000,461.1176359334757,5,0.8140509724617004,0.558180570602417,3.078213691711426,0
travel-seed19,1240,False,1000,535.573704969361,5,0.3326815366744995,0.10110940784215927,2.5573716163635254,0
travel-seed19,1260,False,1000,469.31070145716524,5,0.2920280992984772,0.08148420602083206,3.0695273876190186,0
travel-seed19,1280,False,1000,467.7478867994754,5,0.4456518590450287,0.44767245650291443,2.174445629119873,0
travel-seed19,1300,False,1000,532.1546544082172,5,0.35122495889663696,0.1682780683040619,1.6884843111038208,0
travel-seed19,1320,False,1000,517.7569627028422,5,0.1891096830368042,0.10365796834230423,1.5707224607467651,0
travel-seed19,1340,False,1000,659.4543280767009,5,0.23004265129566193,0.09941810369491577,2.698397159576416,0
travel-seed19,1360,False,1000,564.917078507887,5,0.32994624972343445,0.1980511099100113,3.057576894760132,0
travel-seed19,1380,False,1000,526.4215767730169,5,0.2492082267999649,0.2323237657546997,2.635349750518799,0
travel-seed19,1400,False,1000,450.4243016102158,5,0.5458413362503052,0.08955485373735428,2.806645631790161,0
travel-seed19,1420,False,1000,605.8924962632866,5,0.2488977015018463,0.15858449041843414,2.995715379714966,0
travel-seed19,1440,False,1000,663.6439102484117,5,0.08378720283508301,0.0163592342287302,2.0536134243011475,0
travel-seed19,1460,False,1000,544.588427161191,5,0.34205105900764465,0.12730388343334198,2.6593220233917236,0
travel-seed19,1480,False,1000,485.52508578881077,5,0.43159177899360657,0.03939278796315193,2.7677760124206543,0
travel-seed19,1500,False,1000,572.0831127692229,5,0.3024577796459198,0.20644348859786987,2.150089740753174,0
travel-seed19,1520,False,1000,580.8301296989106,5,0.3088236153125763,0.09503217786550522,2.974874973297119,0
travel-seed19,1540,False,1000,530.2265817263781,5,0.22529789805412292,0.18478552997112274,2.424063205718994,0
travel-seed19,1560,False,1000,523.8855858907868,5,0.3076641857624054,0.1571485549211502,2.9569172859191895,0
travel-seed19,1580,False,1000,486.4859012948743,5,0.5780189037322998,0.3707497715950012,2.9503073692321777,0
travel-seed19,1600,False,1000,663.3665436288227,5,0.3117683231830597,0.07878182828426361,2.794788122177124,0
travel-seed19,1620,False,1000,436.74472881611507,5,0.5751380324363708,0.20081953704357147,2.7310755252838135,0
travel-seed19,1640,False,1000,412.48719459173424,5,0.5497184991836548,0.5171908736228943,2.7238104343414307,0
travel-seed19,1660,False,1000,508.77794447249255,5,0.4937402009963989,0.22728365659713745,3.073129892349243,0
travel-seed19,1680,False,1000,515.919586303354,5,0.433176189661026,0.2921038866043091,3.0393166542053223,0
travel-seed19,1700,False,1000,614.4476835370064,5,0.3092282712459564,0.03647409752011299,2.195617914199829,0
travel-seed19,1720,False,1000,614.6680165978071,5,0.4154845178127289,0.49867451190948486,3.134251117706299,0
travel-seed19,1740,False,1000,562.3779846023247,5,0.2698199152946472,0.05246292054653168,2.6414201259613037,0
travel-seed19,1760,False,1000,688.0070713238295,5,0.19357438385486603,0.04011434316635132,2.574333667755127,0
travel-seed19,1780,False,1000,525.37744698766,5,0.2026759535074234,0.10827536880970001,2.9669413566589355,0
travel-seed19,1800,False,1000,580.4337701218939,5,0.29638898372650146,0.09937123209238052,2.193965196609497,0
travel-seed19,1820,False,1000,753.5700455397367,5,0.18608087301254272,0.025922982022166252,2.323655366897583,0
travel-seed19,1840,False,1000,481.65600855054873,5,0.5477674603462219,0.30589723587036133,3.123180866241455,0
travel-seed19,1860,False,1000,452.4587312560673,5,0.11250504851341248,0.02849908545613289,3.0202081203460693,0
travel-seed19,1880,False,1000,686.1383198454976,5,0.22388245165348053,0.009355176240205765,2.418975830078125,0
travel-seed19,1900,False,1000,452.46539598129203,5,0.2326776534318924,0.04507040977478027,2.620906352996826,0
travel-seed19,1920,False,1000,404.76546329599995,5,0.27972352504730225,0.04730457067489624,2.727099657058716,0
travel-seed19,1940,False,1000,562.3324068661957,5,0.2809869647026062,0.023046864196658134,2.812544584274292,0
travel-seed19,1960,False,1000,397.97018547184433,5,0.2659354507923126,0.04773445427417755,2.332979202270508,0
travel-seed19,1980,False,1000,373.7274413396255,5,0.7304742932319641,0.0953376367688179,2.6532819271087646,0
travel-seed19,2000,False,1000,592.0241990372539,5,0.5169059038162231,0.039230119436979294,2.458120584487915,0
travel-seed19,2020,False,1000,520.5116599040924,5,0.22049644589424133,0.07185985893011093,0.8297139406204224,0
travel-seed19,2040,False,1000,369.9007777226468,5,0.16387617588043213,0.0313262976706028,2.8146233558654785,0
travel-seed19,2060,False,1000,714.8409280180931,5,0.1224709004163742,0.010923633351922035,2.3008809089660645,0
travel-seed19,2080,False,1000,820.3704098284245,5,0.19187121093273163,0.00398290203884244,1.599745273590088,0
travel-seed19,2100,False,1000,824.5611894369125,5,0.13657644391059875,0.018106913194060326,2.106783390045166,0
travel-seed19,2120,False,1000,849.0558074831963,5,0.3726075291633606,0.01971316710114479,0.7182961106300354,0
travel-seed19,2140,False,1000,845.8432054042817,5,0.2133396714925766,0.016208861023187637,1.3534473180770874,0
travel-seed19,2160,False,1000,382.2963325136443,5,0.38319316506385803,0.05524357035756111,3.0971829891204834,0
travel-seed19,2180,False,1000,851.2997679829598,5,0.3014850616455078,0.02526775375008583,1.4040086269378662,0
travel-seed19,2200,False,1000,482.528371318697,5,0.3740818500518799,0.06525608152151108,2.968595027923584,0
travel-seed19,2220,False,1000,578.764837306738,5,0.4063091278076172,0.09428343176841736,2.5677757263183594,0
travel-seed19,2240,False,1000,786.697619086504,5,0.33577805757522583,0.043754179030656815,1.5721391439437866,0
travel-seed19,2260,False,1000,875.3150943875313,5,0.15570735931396484,0.018349943682551384,1.5438618659973145,0
travel-seed19,2280,False,1000,715.7974766731262,5,0.4527037739753723,0.02855873480439186,1.5568186044692993,0
travel-seed19,2300,False,1000,719.5901515960693,5,0.2656289041042328,0.29121989011764526,1.9048396348953247,0
travel-seed19,2320,False,1000,926.9059958696365,5,0.16885846853256226,0.012492116540670395,0.6638293862342834,0
travel-seed19,2340,False,1000,805.8014833748341,5,0.4139540493488312,0.036083344370126724,1.4433847665786743,0
travel-seed19,2360,False,1000,875.2834495425225,5,0.2791653573513031,0.013880341313779354,0.9847400188446045,0
travel-seed23,20,False,313,115.93731597039532,0,1.8254592418670654,1.7220799922943115,1.8484402894973755,0
travel-seed23,40,False,214,72.87423789111199,0,3.297067880630493,3.806218385696411,0.8826028108596802,0
travel-seed23,60,False,265,91.09909054954187,0,2.0958595275878906,2.4470338821411133,3.03981876373291,0
travel-seed23,80,False,236,67.69907368004787,0,4.343755722045898,5.288571357727051,1.0331676006317139,0
travel-seed23,100,False,211,64.01903738630935,0,6.781721591949463,5.467441082000732,2.9103803634643555,0
travel-seed23,120,False,188,65.79844997646288,0,6.639191627502441,5.427477836608887,2.7342514991760254,0
travel-seed23,140,False,195,78.63184544509713,0,5.985464572906494,4.295278072357178,3.056920289993286,0
travel-seed23,160,False,309,79.93616024216172,0,5.1247735023498535,7.30082893371582,2.8168981075286865,0
travel-seed23,180,False,256,70.44268586243717,0,6.950467109680176,13.232487678527832,2.4491217136383057,0
travel-seed23,200,False,357,82.36297621599105,0,12.937949180603027,10.453375816345215,2.7684450149536133,0
travel-seed23,220,False,268,104.50104240769288,1,11.78072452545166,8.82551097869873,2.5313985347747803,0
travel-seed23,240,False,277,92.61085997934063,1,12.597270011901855,11.182036399841309,1.6867495775222778,0
travel-seed23,260,False,159,56.097473367070776,0,11.490499496459961,8.84564208984375,1.2786312103271484,0
travel-seed23,280,False,162,49.947383240330964,0,10.832193374633789,5.690979480743408,0.7448669075965881,0
travel-seed23,300,False,310,57.19042989208392,0,11.220280647277832,11.498669624328613,2.7156527042388916,0
travel-seed23,320,False,331,88.61065885713761,1,3.2513983249664307,3.298314332962036,3.0094797611236572,0
travel-seed23,340,False,328,69.11426704132464,0,7.162833213806152,5.600664138793945,2.6604249477386475,0
travel-seed23,360,False,583,120.90928659331912,0,10.373881340026855,10.708818435668945,2.795595169067383,0
travel-seed23,380,False,682,121.88753700802454,0,12.768238067626953,14.51323127746582,2.295039653778076,0
travel-seed23,400,False,264,94.05825974087202,0,6.895577907562256,7.844744682312012,2.1744940280914307,0
travel-seed23,420,False,308,102.44977741404728,0,8.065340995788574,11.591017723083496,1.541079044342041,0
travel-seed23,440,False,394,113.08549691137887,0,10.683459281921387,9.651063919067383,2.3200950622558594,0
travel-seed23,460,False,226,83.14243880961612,0,10.878381729125977,11.299470901489258,2.817086696624756,0
travel-seed23,480,False,901,348.2024780773505,4,2.2509992122650146,2.1691694259643555,2.54196834564209,0
travel-seed23,500,False,1000,341.7503035556209,5,0.9523234963417053,0.6697151064872742,2.4639012813568115,0
travel-seed23,520,False,848,263.56169511554026,4,4.453721523284912,5.107775688171387,3.0802276134490967,0
travel-seed23,540,False,632,292.2402917482221,3,5.994611740112305,6.929853916168213,2.8303635120391846,0
travel-seed23,560,False,846,246.938193325256,3,5.65032958984375,5.884668827056885,2.6039822101593018,0
travel-seed23,580,False,1000,399.7939967632907,5,0.9578524231910706,1.2345056533813477,2.8563644886016846,0
travel-seed23,600,False,1000,444.80798123943134,5,1.0732234716415405,2.0111896991729736,1.9766966104507446,0
travel-seed23,620,False,1000,446.93374242994196,5,0.7599190473556519,1.4887844324111938,2.6714837551116943,0
travel-seed23,640,False,1000,217.20136687796912,5,1.3517087697982788,1.0274161100387573,2.3962621688842773,0
travel-seed23,660,False,1000,439.4833343354432,5,0.688256561756134,0.14369714260101318,2.928823232650757,0
travel-seed23,680,False,1000,490.0774895036608,5,0.687803328037262,0.22263823449611664,2.928833246231079,0
travel-seed23,700,False,907,333.1246074377685,3,3.825857162475586,4.118483543395996,2.008683204650879,0
travel-seed23,720,False,931,380.30287903163537,3,4.0023064613342285,6.2135233879089355,2.047144651412964,0
travel-seed23,740,False,1000,483.9315891449096,5,0.4556766748428345,0.5763059258460999,2.4786386489868164,0
travel-seed23,760,False,1000,493.6658097954217,5,0.499347448348999,0.1570633053779602,2.4816129207611084,0
travel-seed23,780,False,1000,493.05177697804555,5,0.5673427581787109,0.19496941566467285,2.9237167835235596,0
travel-seed23,800,False,1000,382.89665217654203,5,0.7117313742637634,0.2984231114387512,2.292687177658081,0
travel-seed23,820,False,1000,330.0985891407619,5,1.6002835035324097,2.2954273223876953,2.9063315391540527,0
travel-seed23,840,False,1000,304.15375893519484,5,1.4694327116012573,1.7030003070831299,2.7558255195617676,0
travel-seed23,860,False,635,204.82277033063582,0,4.858098983764648,6.101558685302734,2.4062490463256836,0
travel-seed23,880,False,1000,471.19984021110565,5,1.169122338294983,1.5309369564056396,3.0286448001861572,0
travel-seed23,900,False,1000,587.020724560756,5,0.5536512732505798,0.591793954372406,2.8971385955810547,0
travel-seed23,920,False,1000,503.53674755104174,5,0.777366042137146,1.0256375074386597,2.7243847846984863,0
travel-seed23,940,False,1000,395.5002118921144,5,0.6770157217979431,0.2716435194015503,3.058011054992676,0
travel-seed23,960,False,1000,528.35593766535,5,0.3186919689178467,0.18618175387382507,3.121952772140503,0
travel-seed23,980,False,1000,564.1733122740795,5,0.3042523264884949,0.23360575735569,1.9338467121124268,0
